tiempo(s),concentracion kitasato 1(g/L)
0,1.20096
1,1.20048
2,1.20144
3,1.20288
4,1.20288
5,1.20096
6,1.20096
7,1.20144
8,1.20144
9,1.20192
10,1.19856
