tiempo(s), concentracion kitasato 1(g/L)
0, 1.20096
1, 1.20048
2, 1.20144
3, 1.20288
4, 1.20288
